	PDB	Experimental Method	Resolution	Uniprot	Coverage	Length	Coverage (%)	Chain
0	1BD2	X-ray diffraction	2.5	P04439	275	365.0	75.34246575342466	['A']
1	1BD2	X-ray diffraction	2.5	P61769	99	119.0	83.19327731092437	['B']
2	1BD2	X-ray diffraction	2.5	P0C213	9	353.0	2.549575070821529	['C']
3	1BD2	X-ray diffraction	2.5	P04437	91	119.0	76.47058823529412	['D']
4	1BD2	X-ray diffraction	2.5	P01848	93	140.0	66.42857142857143	['D']
5	1BD2	X-ray diffraction	2.5	A0A0K0K1A5	95	114.0	83.33333333333334	['E']
6	1BD2	X-ray diffraction	2.5	A0A5B9	129	178.0	72.47191011235955	['E']
7	1AO7	X-ray diffraction	2.6	P04439	275	365.0	75.34246575342466	['A']
8	1AO7	X-ray diffraction	2.6	P61769	99	119.0	83.19327731092437	['B']
9	1AO7	X-ray diffraction	2.6	P14079	9	353.0	2.549575070821529	['C']
10	1AO7	X-ray diffraction	2.6	A0A075B6T6	90	113.0	79.64601769911505	['D']
11	1AO7	X-ray diffraction	2.6	P01848	93	140.0	66.42857142857143	['D']
12	1AO7	X-ray diffraction	2.6	P01850	129	176.0	73.29545454545455	['E']
13	2BNQ	X-ray diffraction	1.7	P04439	275	365.0	75.34246575342466	['A']
14	2BNQ	X-ray diffraction	1.7	P61769	99	119.0	83.19327731092437	['B']
15	2BNQ	X-ray diffraction	1.7	P78358	8	180.0	4.444444444444445	['C']
16	2BNQ	X-ray diffraction	1.7	A0A0B4J279	92	112.0	82.14285714285714	['D']
17	2BNQ	X-ray diffraction	1.7	P01848	89	140.0	63.57142857142857	['D']
18	2BNQ	X-ray diffraction	1.7	A0A0K0K1A5	93	114.0	81.57894736842105	['E']
19	2BNQ	X-ray diffraction	1.7	P01850	129	176.0	73.29545454545455	['E']
20	2VLR	X-ray diffraction	2.3	P04439	275	365.0	75.34246575342466	['A', 'F']
21	2VLR	X-ray diffraction	2.3	P61769	99	119.0	83.19327731092437	['B', 'G']
22	2VLR	X-ray diffraction	2.3	P03485	9	252.0	3.571428571428571	['C', 'H']
23	2VLR	X-ray diffraction	2.3	P01848	89	140.0	63.57142857142857	['D', 'I']
24	2VLR	X-ray diffraction	2.3	P01850	129	176.0	73.29545454545455	['E', 'J']
25	2BNR	X-ray diffraction	1.9	P04439	275	365.0	75.34246575342466	['A']
26	2BNR	X-ray diffraction	1.9	P61769	99	119.0	83.19327731092437	['B']
27	2BNR	X-ray diffraction	1.9	P78358	9	180.0	5.0	['C']
28	2BNR	X-ray diffraction	1.9	A0A0B4J279	92	112.0	82.14285714285714	['D']
29	2BNR	X-ray diffraction	1.9	P01848	89	140.0	63.57142857142857	['D']
30	2BNR	X-ray diffraction	1.9	A0A0K0K1A5	93	114.0	81.57894736842105	['E']
31	2BNR	X-ray diffraction	1.9	P01850	129	176.0	73.29545454545455	['E']
32	1OGA	X-ray diffraction	1.4	P04439	275	365.0	75.34246575342466	['A']
33	1OGA	X-ray diffraction	1.4	P61769	99	119.0	83.19327731092437	['B']
34	1OGA	X-ray diffraction	1.4	P01848	92	140.0	65.71428571428571	['D']
35	1OGA	X-ray diffraction	1.4	P01850	129	176.0	73.29545454545455	['E']
36	2AK4	X-ray diffraction	2.5	P01889	276	362.0	76.24309392265194	['A', 'F', 'K', 'Q']
37	2AK4	X-ray diffraction	2.5	P61769	99	119.0	83.19327731092437	['B', 'G', 'L', 'R']
38	2AK4	X-ray diffraction	2.5	P03206	13	245.0	5.306122448979592	['C', 'H', 'M', 'S']
39	2AK4	X-ray diffraction	2.5	P01848	93	140.0	66.42857142857143	['D', 'I', 'N', 'T']
40	2AK4	X-ray diffraction	2.5	P01850	129	176.0	73.29545454545455	['E', 'J', 'P', 'U']
41	2P5E	X-ray diffraction	1.89	P04439	275	365.0	75.34246575342466	['A']
42	2P5E	X-ray diffraction	1.89	P61769	99	119.0	83.19327731092437	['B']
43	2P5E	X-ray diffraction	1.89	P78358	9	180.0	5.0	['C']
44	2P5E	X-ray diffraction	1.89	P01848	79	140.0	56.42857142857143	['D']
45	1LP9	X-ray diffraction	2.0	P04439	275	365.0	75.34246575342466	['A', 'H']
46	1LP9	X-ray diffraction	2.0	P61769	99	119.0	83.19327731092437	['B', 'I']
47	1LP9	X-ray diffraction	2.0	Q9NPA0	9	242.0	3.71900826446281	['C', 'J']
48	1LP9	X-ray diffraction	2.0	P01849	79	136.0	58.08823529411765	['E', 'L']
49	1LP9	X-ray diffraction	2.0	P04213	113	122.0	92.62295081967213	['F', 'M']
50	4JFF	X-ray diffraction	2.43	P04439	275	365.0	75.34246575342466	['A']
51	4JFF	X-ray diffraction	2.43	P61769	99	119.0	83.19327731092437	['B']
52	4JFF	X-ray diffraction	2.43	Q16655	10	118.0	8.47457627118644	['C']
53	4JFF	X-ray diffraction	2.43	P01848	87	140.0	62.142857142857146	['D']
54	4JFF	X-ray diffraction	2.43	P01850	129	176.0	73.29545454545455	['E']
55	2J8U	X-ray diffraction	2.88	P04439	275	365.0	75.34246575342466	['A', 'H']
56	2J8U	X-ray diffraction	2.88	P61769	99	119.0	83.19327731092437	['B', 'I']
57	2J8U	X-ray diffraction	2.88	Q9NPA0	9	242.0	3.71900826446281	['C', 'J']
58	2J8U	X-ray diffraction	2.88	P01849	79	136.0	58.08823529411765	['E', 'L']
59	2J8U	X-ray diffraction	2.88	P04213	113	122.0	92.62295081967213	['F', 'M']
60	1MI5	X-ray diffraction	2.5	P01889	277	362.0	76.51933701657458	['A']
61	1MI5	X-ray diffraction	2.5	P61769	99	119.0	83.19327731092437	['B']
62	1MI5	X-ray diffraction	2.5	Q3KST2	9	935.0	0.9625668449197862	['C']
63	1MI5	X-ray diffraction	2.5	P01848	89	140.0	63.57142857142857	['D']
64	1MI5	X-ray diffraction	2.5	P01850	129	176.0	73.29545454545455	['E']
65	4MNQ	X-ray diffraction	2.742	P04439	275	365.0	75.34246575342466	['A']
66	4MNQ	X-ray diffraction	2.742	P61769	99	119.0	83.19327731092437	['B']
67	4MNQ	X-ray diffraction	2.742	O14746	9	1132.0	0.7950530035335688	['C']
68	4MNQ	X-ray diffraction	2.742	H2RG00	87			['D']
69	4MNQ	X-ray diffraction	2.742	K7N5N2	89			['D']
70	4MNQ	X-ray diffraction	2.742	P01850	129	176.0	73.29545454545455	['E']
71	2UWE	X-ray diffraction	2.4	P04439	275	365.0	75.34246575342466	['A', 'H']
72	2UWE	X-ray diffraction	2.4	P61769	99	119.0	83.19327731092437	['B', 'I']
73	2UWE	X-ray diffraction	2.4	Q9NPA0	9	242.0	3.71900826446281	['C', 'J']
74	2UWE	X-ray diffraction	2.4	P04213	113	122.0	92.62295081967213	['F', 'M']
75	2JCC	X-ray diffraction	2.5	P04439	275	365.0	75.34246575342466	['A', 'H']
76	2JCC	X-ray diffraction	2.5	P61769	99	119.0	83.19327731092437	['B', 'I']
77	2JCC	X-ray diffraction	2.5	Q9NPA0	9	242.0	3.71900826446281	['C', 'J']
78	2JCC	X-ray diffraction	2.5	P01849	79	136.0	58.08823529411765	['E', 'L']
79	4JFE	X-ray diffraction	2.7	P04439	275	365.0	75.34246575342466	['A']
80	4JFE	X-ray diffraction	2.7	P61769	99	119.0	83.19327731092437	['B']
81	4JFE	X-ray diffraction	2.7	P01848	87	140.0	62.142857142857146	['D']
82	4JFE	X-ray diffraction	2.7	P01850	129	176.0	73.29545454545455	['E']
83	3QIB	X-ray diffraction	2.7	P04224	191	255.0	74.90196078431373	['A']
84	3QIB	X-ray diffraction	2.7	P04230	196	264.0	74.24242424242425	['B']
85	3QIB	X-ray diffraction	2.7	P01848	93	140.0	66.42857142857143	['C']
86	3QIB	X-ray diffraction	2.7	P00039	12	108.0	11.11111111111111	['P']
87	3BN9	X-ray diffraction	2.173	Q9Y5Y6	241	855.0	28.18713450292398	['A', 'B']
88	3BN9	X-ray diffraction	2.173	P01857	107	399.0	26.81704260651629	['D', 'F']
89	4OZG	X-ray diffraction	3.0	P01909	183	254.0	72.04724409448819	['A', 'C']
90	4OZG	X-ray diffraction	3.0	P01920	192	261.0	73.5632183908046	['B', 'D']
91	4OZG	X-ray diffraction	3.0	Q2YD82	194			['E', 'G']
92	4OZG	X-ray diffraction	3.0	P01850	129	176.0	73.29545454545455	['F', 'H']
93	4OZG	X-ray diffraction	3.0	P04722	10			['I', 'J']
94	4N8V	X-ray diffraction	2.5	P04439	274	365.0	75.06849315068493	['A', 'D']
95	4N8V	X-ray diffraction	2.5	P61769	99	119.0	83.19327731092437	['B', 'E']
96	4N8V	X-ray diffraction	2.5	Q76ZQ3	9	90.0	10.0	['C', 'F']
97	4N8V	X-ray diffraction	2.5	P43631	200	304.0	65.78947368421053	['G', 'I']
98	3VR6	X-ray diffraction	2.68	Q08636	593	593.0	100.0	['A', 'B', 'C']
99	3VR6	X-ray diffraction	2.68	Q08637	458	458.0	100.0	['D', 'E', 'F']
100	3VR6	X-ray diffraction	2.68	P43435	210	210.0	100.0	['G']
101	3VR6	X-ray diffraction	2.68	P43455	103	103.0	100.0	['H']
102	4JGH	X-ray diffraction	3.0	O14508	167	198.0	84.34343434343434	['A']
103	4JGH	X-ray diffraction	3.0	P62869	118	118.0	100.0	['B']
104	4JGH	X-ray diffraction	3.0	P83940	96	112.0	85.71428571428571	['C']
105	4JGH	X-ray diffraction	3.0	Q93034	377	780.0	48.333333333333336	['D']
106	4JFD	X-ray diffraction	2.46	P04439	275	365.0	75.34246575342466	['A']
107	4JFD	X-ray diffraction	2.46	P61769	99	119.0	83.19327731092437	['B']
108	4JFD	X-ray diffraction	2.46	P01848	86	140.0	61.42857142857143	['D']
109	4JFD	X-ray diffraction	2.46	P01850	129	176.0	73.29545454545455	['E']
110	5E9D	X-ray diffraction	2.51	P04439	275	365.0	75.34246575342466	['A', 'F']
111	5E9D	X-ray diffraction	2.51	P61769	99	119.0	83.19327731092437	['B', 'G']
112	5E9D	X-ray diffraction	2.51	Q16655	10	118.0	8.47457627118644	['C', 'H']
113	5E9D	X-ray diffraction	2.51	A0A075B6T6	91	113.0	80.53097345132744	['D', 'I']
114	5E9D	X-ray diffraction	2.51	A0A0K0K1A5	93	114.0	81.57894736842105	['E', 'J']
115	3BT1	X-ray diffraction	2.8	P00749	133	431.0	30.8584686774942	['A']
116	3BT1	X-ray diffraction	2.8	P04004	40	478.0	8.368200836820083	['B']
117	3BT1	X-ray diffraction	2.8	Q03405	281	335.0	83.88059701492537	['U']
118	1AHW	X-ray diffraction	3.0	P01837	107	107.0	100.0	['A', 'D']
119	1AHW	X-ray diffraction	3.0	P01868	97	324.0	29.938271604938272	['B', 'E']
120	1AHW	X-ray diffraction	3.0	P13726	219	295.0	74.23728813559322	['C', 'F']
121	3QDJ	X-ray diffraction	2.3	P04439	275	365.0	75.34246575342466	['A']
122	3QDJ	X-ray diffraction	2.3	P61769	99	119.0	83.19327731092437	['B']
123	3QDJ	X-ray diffraction	2.3	P01848	89	140.0	63.57142857142857	['D']
124	3QDG	X-ray diffraction	2.69	P04439	275	365.0	75.34246575342466	['A']
125	3QDG	X-ray diffraction	2.69	P61769	99	119.0	83.19327731092437	['B']
126	3QDG	X-ray diffraction	2.69	P01848	89	140.0	63.57142857142857	['D']
127	4L3E	X-ray diffraction	2.557	P04439	275	365.0	75.34246575342466	['A']
128	4L3E	X-ray diffraction	2.557	P61769	99	119.0	83.19327731092437	['B']
129	4L3E	X-ray diffraction	2.557	Q16655	10	118.0	8.47457627118644	['C']
130	3H9S	X-ray diffraction	2.7	P04439	275	365.0	75.34246575342466	['A']
131	3H9S	X-ray diffraction	2.7	P61769	99	119.0	83.19327731092437	['B']
132	3H9S	X-ray diffraction	2.7	P38110	9	2787.0	0.3229278794402583	['C']
133	4B0M	X-ray diffraction	1.8	P26949	136	833.0	16.3265306122449	['A']
134	4B0M	X-ray diffraction	1.8	P26948	149	170.0	87.6470588235294	['B']
135	4B0M	X-ray diffraction	1.8	P26926	235	258.0	91.08527131782944	['M']
136	3D3V	X-ray diffraction	2.8	P04439	275	365.0	75.34246575342466	['A']
137	3D3V	X-ray diffraction	2.8	P61769	99	119.0	83.19327731092437	['B']
138	3D3V	X-ray diffraction	2.8	P01850	129	176.0	73.29545454545455	['E']
139	4PWX	X-ray diffraction	5.4	Q12154	353	354.0	99.7175141242938	['A', 'B']
140	4PWX	X-ray diffraction	5.4	Q12125	280	312.0	89.74358974358975	['C', 'E']
141	4PWX	X-ray diffraction	5.4	Q12285	54	212.0	25.471698113207548	['D', 'F']
142	3PWP	X-ray diffraction	2.69	P04439	275	365.0	75.34246575342466	['A']
143	3PWP	X-ray diffraction	2.69	P61769	99	119.0	83.19327731092437	['B']
144	3PWP	X-ray diffraction	2.69	P01848	89	140.0	63.57142857142857	['D']
145	4FTV	X-ray diffraction	2.74	P04439	275	365.0	75.34246575342466	['A']
146	4FTV	X-ray diffraction	2.74	P61769	99	119.0	83.19327731092437	['B']
147	4FTV	X-ray diffraction	2.74	P0C213	9	353.0	2.549575070821529	['C']
148	3SZK	X-ray diffraction	3.01	P69905	141	142.0	99.29577464788731	['A', 'D']
149	3SZK	X-ray diffraction	3.01	P68871	146	147.0	99.31972789115646	['B', 'E']
150	3SZK	X-ray diffraction	3.01	Q8NW39	144	895.0	16.089385474860336	['C', 'F']
151	1VFB	X-ray diffraction	1.8	P01635	95	115.0	82.6086956521739	['A']
152	1VFB	X-ray diffraction	1.8	P01820	96	115.0	83.47826086956522	['B']
153	1VFB	X-ray diffraction	1.8	P00698	129	147.0	87.75510204081633	['C']
154	1DVF	X-ray diffraction	1.9	P01635	95	115.0	82.6086956521739	['A']
155	1DVF	X-ray diffraction	1.9	P01820	96	115.0	83.47826086956522	['B']
156	1DVF	X-ray diffraction	1.9	P01646	107	108.0	99.07407407407408	['C']
157	1DVF	X-ray diffraction	1.9	A0NA69	98			['D']
158	1JRH	X-ray diffraction	2.8	P01869	97	393.0	24.681933842239182	['H']
159	1JRH	X-ray diffraction	2.8	P15260	108	489.0	22.085889570552148	['I']
160	1JRH	X-ray diffraction	2.8	P01837	107	107.0	100.0	['L']
161	1DQJ	X-ray diffraction	2.0	P01837	107	107.0	100.0	['A']
162	1DQJ	X-ray diffraction	2.0	P01865	96	398.0	24.12060301507537	['B']
163	1DQJ	X-ray diffraction	2.0	P00698	129	147.0	87.75510204081633	['C']
164	1CBW	X-ray diffraction	2.6	P00767	13	245.0	5.306122448979592	['A', 'F']
165	1CBW	X-ray diffraction	2.6	P00766	131	245.0	53.46938775510204	['B', 'C', 'G', 'H']
166	1CBW	X-ray diffraction	2.6	P00974	58	100.0	57.99999999999999	['D', 'I']
167	4NKQ	X-ray diffraction	3.301	P32927	414	897.0	46.15384615384615	['A']
168	4NKQ	X-ray diffraction	3.301	P15509	288	400.0	72.0	['B']
169	4NKQ	X-ray diffraction	3.301	P04141	127	144.0	88.19444444444444	['C']
170	3SE3	X-ray diffraction	4.0001	P17181	409	557.0	73.4290843806104	['A']
171	3SE3	X-ray diffraction	4.0001	P01563	165	188.0	87.7659574468085	['B']
172	3SE3	X-ray diffraction	4.0001	P48551	199	515.0	38.640776699029125	['C']
173	4K71	X-ray diffraction	2.4	P02768	585	609.0	96.0591133004926	['A', 'D']
174	4K71	X-ray diffraction	2.4	P55899	274	365.0	75.06849315068493	['B', 'E']
175	4K71	X-ray diffraction	2.4	P61769	99	119.0	83.19327731092437	['C', 'F']
176	2DSQ	X-ray diffraction	2.8	P22692	92	258.0	35.65891472868217	['A', 'B']
177	2DSQ	X-ray diffraction	2.8	P05019	70	195.0	35.8974358974359	['C', 'I']
178	2DSQ	X-ray diffraction	2.8	P08833	94	259.0	36.29343629343629	['G', 'H']
179	1MLC	X-ray diffraction	2.5	P01837	107	107.0	100.0	['A', 'C']
180	1MLC	X-ray diffraction	2.5	P01868	102	324.0	31.48148148148148	['B', 'D']
181	1MLC	X-ray diffraction	2.5	P00698	129	147.0	87.75510204081633	['E', 'F']
182	3SE4	X-ray diffraction	3.5001	P17181	409	557.0	73.4290843806104	['A']
183	3SE4	X-ray diffraction	3.5001	P05000	174	195.0	89.23076923076924	['B']
184	3SE4	X-ray diffraction	3.5001	P48551	199	515.0	38.640776699029125	['C']
185	3AAA	X-ray diffraction	2.2	P13127	286	286.0	100.0	['A']
186	3AAA	X-ray diffraction	2.2	P14315	277	277.0	100.0	['B']
187	3AAA	X-ray diffraction	2.2	P58546	118	118.0	100.0	['C']
188	3Q3J	X-ray diffraction	1.971	O75051	111	1894.0	5.860612460401267	['A']
189	3Q3J	X-ray diffraction	1.971	Q92730	196	232.0	84.48275862068965	['B']
190	3NVQ	X-ray diffraction	2.4	O75326	590	666.0	88.58858858858859	['A', 'E']
191	3NVQ	X-ray diffraction	2.4	O60486	473	1568.0	30.165816326530614	['B', 'F']
192	4YH7	X-ray diffraction	4.4	Q64487	834	1912.0	43.61924686192469	['A']
193	4YH7	X-ray diffraction	4.4	P59823	334	695.0	48.05755395683453	['B']
194	5CXB	X-ray diffraction	2.1	G0SFB5	495	495.0	100.0	['A']
195	5CXB	X-ray diffraction	2.1	G0SCK6	369	801.0	46.06741573033708	['B']
196	3NVN	X-ray diffraction	2.26	Q8JL80	385	399.0	96.49122807017544	['A']
197	3NVN	X-ray diffraction	2.26	O60486	473	1568.0	30.165816326530614	['B']
198	2REX	X-ray diffraction	2.3	O43157	120	2135.0	5.620608899297424	['A', 'C']
199	2REX	X-ray diffraction	2.3	Q92730	196	232.0	84.48275862068965	['B', 'D']
200	4RS1	X-ray diffraction	2.68	P04141	112	144.0	77.77777777777779	['A']
201	4RS1	X-ray diffraction	2.68	P15509	281	400.0	70.25	['B']
202	5CYK	X-ray diffraction	3.0	G0SFB5	495	495.0	100.0	['A']
203	5CYK	X-ray diffraction	3.0	G0SCK6	369	801.0	46.06741573033708	['B']
204	1U7F	X-ray diffraction	2.6	P84022	198	425.0	46.588235294117645	['A', 'C']
205	1U7F	X-ray diffraction	2.6	Q13485	239	552.0	43.29710144927536	['B']
206	5E6P	X-ray diffraction	3.215	B2RXS4	617	1842.0	33.496199782844734	['A']
207	5E6P	X-ray diffraction	3.215	O15085	84	1522.0	5.519053876478318	['B']
208	2GYK	X-ray diffraction	1.6	P13479	86	86.0	100.0	['A', 'E']
209	2GYK	X-ray diffraction	1.6	P09883	133	582.0	22.852233676975946	['B', 'F']
210	1KIQ	X-ray diffraction	1.85	P01635	95	115.0	82.6086956521739	['A']
211	1KIQ	X-ray diffraction	1.85	P00698	129	147.0	87.75510204081633	['C']
212	1KIP	X-ray diffraction	2.1	P01635	95	115.0	82.6086956521739	['A']
213	1KIP	X-ray diffraction	2.1	P00698	129	147.0	87.75510204081633	['C']
214	1KIR	X-ray diffraction	2.0	P01820	96	115.0	83.47826086956522	['B']
215	1KIR	X-ray diffraction	2.0	P00698	129	147.0	87.75510204081633	['C']
216	1REW	X-ray diffraction	1.863	P12643	114	396.0	28.78787878787879	['A', 'B']
217	1REW	X-ray diffraction	1.863	P36894	129	532.0	24.24812030075188	['C', 'D']
218	1EMV	X-ray diffraction	1.7	P13479	86	86.0	100.0	['A']
219	1EMV	X-ray diffraction	1.7	P09883	133	582.0	22.852233676975946	['B']
220	1JTG	X-ray diffraction	1.73	P62593	263	286.0	91.95804195804196	['A', 'C']
221	1JTG	X-ray diffraction	1.73	P35804	165	201.0	82.08955223880598	['B', 'D']
222	1FR2	X-ray diffraction	1.6	P13479	86	86.0	100.0	['A']
223	1FR2	X-ray diffraction	1.6	P09883	133	582.0	22.852233676975946	['B']
224	1N8O	X-ray diffraction	2.0	P00766	131	245.0	53.46938775510204	['A', 'B', 'C']
225	1N8O	X-ray diffraction	2.0	P23827	142	162.0	87.65432098765432	['E']
226	1NCA	X-ray diffraction	2.5	P01865	100	398.0	25.125628140703515	['H']
227	1NCA	X-ray diffraction	2.5	P03472	389	470.0	82.76595744680851	['N']
228	1S1Q	X-ray diffraction	2.0	Q99816	145	390.0	37.17948717948718	['A', 'C']
229	1S1Q	X-ray diffraction	2.0	P0CG48	76	685.0	11.094890510948906	['B', 'D']
230	1XD3	X-ray diffraction	1.45	P15374	230	230.0	100.0	['A', 'C']
231	1XD3	X-ray diffraction	1.45	P0CG48	75	685.0	10.948905109489052	['B', 'D']
232	4CPA	X-ray diffraction	2.5	P00730	307	419.0	73.26968973747017	['A', 'B']
233	4CPA	X-ray diffraction	2.5	P01075	38	39.0	97.43589743589745	['I', 'J']
234	1KTZ	X-ray diffraction	2.15	P10600	112	412.0	27.184466019417474	['A']
235	1KTZ	X-ray diffraction	2.15	P37173	122	567.0	21.516754850088184	['B']
236	1LFD	X-ray diffraction	2.1	Q03386	87	895.0	9.720670391061452	['A', 'C']
237	1LFD	X-ray diffraction	2.1	P01112	167	189.0	88.35978835978835	['B', 'D']
238	1S0W	X-ray diffraction	2.3	P62593	263	286.0	91.95804195804196	['A', 'B']
239	1S0W	X-ray diffraction	2.3	P35804	165	201.0	82.08955223880598	['C', 'D']
240	2BTF	X-ray diffraction	2.55	P60712	374	375.0	99.73333333333332	['A']
241	2BTF	X-ray diffraction	2.55	P02584	139	140.0	99.28571428571428	['P']
242	2AJF	X-ray diffraction	2.9	Q9BYF1	597	805.0	74.16149068322981	['A', 'B']
243	2AJF	X-ray diffraction	2.9	P59594	180	1255.0	14.342629482071716	['E', 'F']
244	2A9K	X-ray diffraction	1.73	P11233	175	206.0	84.9514563106796	['A']
245	2A9K	X-ray diffraction	1.73	P15879	211	251.0	84.06374501992032	['B']
246	2C0L	X-ray diffraction	2.3	P50542	305	639.0	47.73082942097027	['A']
247	2C0L	X-ray diffraction	2.3	P22307	122	547.0	22.30347349177331	['B']
248	3N4I	X-ray diffraction	1.56	P0AD64	265	286.0	92.65734265734264	['A']
249	3N4I	X-ray diffraction	1.56	P35804	165	201.0	82.08955223880598	['B']
250	2FTL	X-ray diffraction	1.62	P00760	223	246.0	90.65040650406505	['E']
251	2FTL	X-ray diffraction	1.62	P00974	58	100.0	57.99999999999999	['I']
252	2G2U	X-ray diffraction	1.6	P0AD64	265	286.0	92.65734265734264	['A']
253	2G2U	X-ray diffraction	1.6	P35804	165	201.0	82.08955223880598	['B']
254	2G2W	X-ray diffraction	1.8	P0AD64	265	286.0	92.65734265734264	['A']
255	2G2W	X-ray diffraction	1.8	P35804	165	201.0	82.08955223880598	['B']
256	1EAW	X-ray diffraction	2.93	Q9Y5Y6	241	855.0	28.18713450292398	['A', 'C']
257	1EAW	X-ray diffraction	2.93	P00974	58	100.0	57.99999999999999	['B', 'D']
258	1FC2	X-ray diffraction	2.8	P38507	58	508.0	11.41732283464567	['C']
259	1FC2	X-ray diffraction	2.8	P01857	223	399.0	55.88972431077694	['D']
260	4YEB	X-ray diffraction	3.19	Q80TS3	297	1537.0	19.32335718932986	['A']
261	4YEB	X-ray diffraction	3.19	Q8BGT1	358	649.0	55.1617873651772	['B']
262	4YFD	X-ray diffraction	3.253	Q64487	491	1912.0	25.67991631799163	['A']
263	4YFD	X-ray diffraction	3.253	Q61730	331	570.0	58.07017543859649	['B']
264	4G0N	X-ray diffraction	2.45	P01112	166	189.0	87.83068783068782	['A']
265	4G0N	X-ray diffraction	2.45	P04049	78	648.0	12.037037037037036	['B']
266	1SBN	X-ray diffraction	2.1	P00782	275	382.0	71.98952879581152	['E']
267	1SBN	X-ray diffraction	2.1	P01051	70	70.0	100.0	['I']
268	1ACB	X-ray diffraction	2.0	P00766	245	245.0	100.0	['E']
269	1ACB	X-ray diffraction	2.0	P01051	70	70.0	100.0	['I']
270	1GUA	X-ray diffraction	2.0	P62834	167	184.0	90.7608695652174	['A']
271	1GUA	X-ray diffraction	2.0	P04049	81	648.0	12.5	['B']
272	1GCQ	X-ray diffraction	1.68	P62993	59	217.0	27.188940092165897	['A', 'B']
273	1GCQ	X-ray diffraction	1.68	P27870	66	845.0	7.8106508875739635	['C']
274	1E96	X-ray diffraction	2.4	P63000	191	192.0	99.47916666666666	['A']
275	1E96	X-ray diffraction	2.4	P19878	203	526.0	38.59315589353612	['B']
276	1SBB	X-ray diffraction	2.4	P01852	126	173.0	72.83236994219652	['A', 'C']
277	1SBB	X-ray diffraction	2.4	P01552	239	266.0	89.84962406015038	['B', 'D']
278	1X1X	X-ray diffraction	2.3	P00648	110	157.0	70.06369426751591	['A', 'B', 'C']
279	1X1X	X-ray diffraction	2.3	P11540	89	90.0	98.88888888888889	['D', 'E', 'F']
280	1B2S	X-ray diffraction	1.82	P00648	110	157.0	70.06369426751591	['A', 'B', 'C']
281	1B2S	X-ray diffraction	1.82	P11540	90	90.0	100.0	['D', 'E', 'F']
282	1B2U	X-ray diffraction	2.1	P00648	110	157.0	70.06369426751591	['A', 'B', 'C']
283	1B2U	X-ray diffraction	2.1	P11540	90	90.0	100.0	['D', 'E', 'F']
284	1X1W	X-ray diffraction	2.1	P00648	110	157.0	70.06369426751591	['A', 'B', 'C']
285	1X1W	X-ray diffraction	2.1	P11540	90	90.0	100.0	['D', 'E', 'F']
286	1B3S	X-ray diffraction	2.39	P00648	110	157.0	70.06369426751591	['A', 'B', 'C']
287	1B3S	X-ray diffraction	2.39	P11540	90	90.0	100.0	['D', 'E', 'F']
288	2VLN	X-ray diffraction	1.6	P13479	86	86.0	100.0	['A']
289	2VLN	X-ray diffraction	1.6	P09883	133	582.0	22.852233676975946	['B']
290	2VLP	X-ray diffraction	2.0	P13479	86	86.0	100.0	['A']
291	2VLP	X-ray diffraction	2.0	P09883	133	582.0	22.852233676975946	['B']
292	2WPT	X-ray diffraction	1.78	P04482	86	86.0	100.0	['A']
293	2WPT	X-ray diffraction	1.78	P09883	133	582.0	22.852233676975946	['B']
294	2HRK	X-ray diffraction	2.05	P46655	191	708.0	26.9774011299435	['A']
295	2HRK	X-ray diffraction	2.05	P46672	122	376.0	32.4468085106383	['B']
296	3BP8	X-ray diffraction	2.85	P50456	406	406.0	100.0	['A', 'B']
297	3BP8	X-ray diffraction	2.85	P69786	75	477.0	15.723270440251572	['C', 'D']
298	3D5R	X-ray diffraction	2.1	P01024	292	1663.0	17.558628983764283	['A', 'B']
299	3D5R	X-ray diffraction	2.1	A6QG59	65	165.0	39.39393939393939	['C', 'D']
300	2VLO	X-ray diffraction	1.8	P13479	86	86.0	100.0	['A']
301	2VLO	X-ray diffraction	1.8	P09883	133	582.0	22.852233676975946	['B']
302	2VLQ	X-ray diffraction	1.6	P13479	86	86.0	100.0	['A']
303	2VLQ	X-ray diffraction	1.6	P09883	133	582.0	22.852233676975946	['B']
304	2GOX	X-ray diffraction	2.2	P01024	292	1663.0	17.558628983764283	['A', 'C']
305	2GOX	X-ray diffraction	2.2	P68799	65	165.0	39.39393939393939	['B', 'D']
306	3D5S	X-ray diffraction	2.3	P01024	292	1663.0	17.558628983764283	['A', 'B']
307	3D5S	X-ray diffraction	2.3	A6QG59	65	165.0	39.39393939393939	['C', 'D']
308	1EFN	X-ray diffraction	2.5	P06241	59	537.0	10.986964618249534	['A', 'C']
309	1EFN	X-ray diffraction	2.5	P03406	152	206.0	73.7864077669903	['B', 'D']
310	1UUZ	X-ray diffraction	1.8	Q9HXB1	129	153.0	84.31372549019608	['A', 'B']
311	1UUZ	X-ray diffraction	1.8	P00698	129	147.0	87.75510204081633	['C', 'D']
312	2J0T	X-ray diffraction	2.54	P03956	169	469.0	36.034115138592746	['A', 'B', 'C']
313	2J0T	X-ray diffraction	2.54	P01033	126	207.0	60.86956521739131	['D', 'E', 'F']
314	2OOB	X-ray diffraction	1.9	Q13191	50	982.0	5.091649694501019	['A']
315	2OOB	X-ray diffraction	1.9	P0CH28	76	690.0	11.014492753623188	['B']
316	2PCB	X-ray diffraction	2.8	P00431	294	361.0	81.4404432132964	['A', 'C']
317	2PCB	X-ray diffraction	2.8	P00004	104	105.0	99.04761904761904	['B']
318	2PCC	X-ray diffraction	2.3	P00431	294	361.0	81.4404432132964	['A', 'C']
319	2PCC	X-ray diffraction	2.3	P00044	108	109.0	99.08256880733946	['B', 'D']
320	2B12	X-ray diffraction	3.02	P00431	294	361.0	81.4404432132964	['A']
321	2B12	X-ray diffraction	3.02	P00044	108	109.0	99.08256880733946	['B']
322	2B11	X-ray diffraction	2.3	P00431	294	361.0	81.4404432132964	['A', 'C']
323	2B11	X-ray diffraction	2.3	P00044	108	109.0	99.08256880733946	['B', 'D']
324	2B10	X-ray diffraction	2.8	P00431	294	361.0	81.4404432132964	['A', 'C']
325	2B10	X-ray diffraction	2.8	P00044	108	109.0	99.08256880733946	['B', 'D']
326	2B0Z	X-ray diffraction	2.7	P00431	294	361.0	81.4404432132964	['A']
327	2B0Z	X-ray diffraction	2.7	P00044	108	109.0	99.08256880733946	['B']
328	2HLE	X-ray diffraction	2.05	P54760	180	987.0	18.237082066869306	['A']
329	2HLE	X-ray diffraction	2.05	P52799	138	333.0	41.44144144144144	['B']
330	1AK4	X-ray diffraction	2.36	P62937	165	165.0	100.0	['A', 'B']
331	1AK4	X-ray diffraction	2.36	P12497	145	1435.0	10.104529616724738	['C', 'D']
332	1SIB	X-ray diffraction	2.4	P00782	275	382.0	71.98952879581152	['E']
333	1SIB	X-ray diffraction	2.4	P01051	70	70.0	100.0	['I']
334	1CSE	X-ray diffraction	1.2	P00780	274	379.0	72.29551451187335	['E']
335	1CSE	X-ray diffraction	1.2	P01051	70	70.0	100.0	['I']
336	2NU2	X-ray diffraction	1.65	P00777	185	299.0	61.87290969899666	['E']
337	2NU2	X-ray diffraction	1.65	P68390	51	185.0	27.56756756756757	['I']
338	1CHO	X-ray diffraction	1.8	P00766	131	245.0	53.46938775510204	['E', 'F', 'G']
339	1CHO	X-ray diffraction	1.8	P68390	56	185.0	30.270270270270277	['I']
340	1PPF	X-ray diffraction	1.8	P08246	218	267.0	81.64794007490637	['E']
341	1PPF	X-ray diffraction	1.8	P68390	56	185.0	30.270270270270277	['I']
342	1R0R	X-ray diffraction	1.1	P00780	274	379.0	72.29551451187335	['E']
343	1R0R	X-ray diffraction	1.1	P68390	51	185.0	27.56756756756757	['I']
344	3SGB	X-ray diffraction	1.8	P00777	185	299.0	61.87290969899666	['E']
345	3SGB	X-ray diffraction	1.8	P68390	56	185.0	30.270270270270277	['I']
346	1SMF	X-ray diffraction	2.1	P00760	223	246.0	90.65040650406505	['E']
347	1SMF	X-ray diffraction	2.1	P01062	22	72.0	30.55555555555556	['I']
348	1FY8	X-ray diffraction	1.7	P00763	231	246.0	93.90243902439023	['E']
349	1FY8	X-ray diffraction	1.7	P00974	58	100.0	57.99999999999999	['I']
350	3TGK	X-ray diffraction	1.7	P00763	230	246.0	93.4959349593496	['E']
351	3TGK	X-ray diffraction	1.7	P00974	65	100.0	65.0	['I']
352	1F5R	X-ray diffraction	1.65	P00763	230	246.0	93.4959349593496	['A']
353	1F5R	X-ray diffraction	1.65	P00974	65	100.0	65.0	['I']
354	3BTD	X-ray diffraction	1.9	P00760	223	246.0	90.65040650406505	['E']
355	3BTD	X-ray diffraction	1.9	P00974	58	100.0	57.99999999999999	['I']
356	3BTE	X-ray diffraction	1.85	P00760	223	246.0	90.65040650406505	['E']
357	3BTE	X-ray diffraction	1.85	P00974	58	100.0	57.99999999999999	['I']
358	3BTF	X-ray diffraction	1.8	P00760	223	246.0	90.65040650406505	['E']
359	3BTF	X-ray diffraction	1.8	P00974	58	100.0	57.99999999999999	['I']
360	3BTG	X-ray diffraction	1.9	P00760	223	246.0	90.65040650406505	['E']
361	3BTG	X-ray diffraction	1.9	P00974	58	100.0	57.99999999999999	['I']
362	3BTH	X-ray diffraction	1.75	P00760	223	246.0	90.65040650406505	['E']
363	3BTH	X-ray diffraction	1.75	P00974	58	100.0	57.99999999999999	['I']
364	3BTM	X-ray diffraction	1.8	P00760	223	246.0	90.65040650406505	['E']
365	3BTM	X-ray diffraction	1.8	P00974	58	100.0	57.99999999999999	['I']
366	3BTQ	X-ray diffraction	1.9	P00760	223	246.0	90.65040650406505	['E']
367	3BTQ	X-ray diffraction	1.9	P00974	58	100.0	57.99999999999999	['I']
368	3BTW	X-ray diffraction	2.05	P00760	223	246.0	90.65040650406505	['E']
369	3BTW	X-ray diffraction	2.05	P00974	58	100.0	57.99999999999999	['I']
370	1A4Y	X-ray diffraction	2.0	P13489	460	461.0	99.78308026030368	['A', 'D']
371	1A4Y	X-ray diffraction	2.0	P03950	123	147.0	83.6734693877551	['B', 'E']
372	1Z7X	X-ray diffraction	1.95	P13489	461	461.0	100.0	['W', 'Y']
373	1Z7X	X-ray diffraction	1.95	P07998	128	156.0	82.05128205128204	['X', 'Z']
374	1A22	X-ray diffraction	2.6	P01241	191	217.0	88.0184331797235	['A']
375	1A22	X-ray diffraction	2.6	P10912	238	638.0	37.30407523510972	['B']
376	1BP3	X-ray diffraction	2.9	P01241	191	217.0	88.0184331797235	['A']
377	1BP3	X-ray diffraction	2.9	P16471	211	622.0	33.92282958199357	['B']
378	3MZG	X-ray diffraction	2.1	P01236	185	227.0	81.4977973568282	['A']
379	3MZG	X-ray diffraction	2.1	P16471	210	622.0	33.762057877813504	['B']
380	3N06	X-ray diffraction	2.0	P01236	185	227.0	81.4977973568282	['A']
381	3N06	X-ray diffraction	2.0	P16471	210	622.0	33.762057877813504	['B']
382	3N0P	X-ray diffraction	2.1	P01236	185	227.0	81.4977973568282	['A']
383	3N0P	X-ray diffraction	2.1	P16471	210	622.0	33.762057877813504	['B']
384	3NCB	X-ray diffraction	2.1	P01236	185	227.0	81.4977973568282	['A']
385	3NCB	X-ray diffraction	2.1	P16471	210	622.0	33.762057877813504	['B']
386	3NCC	X-ray diffraction	2.5	P01236	185	227.0	81.4977973568282	['A']
387	3NCC	X-ray diffraction	2.5	P16471	210	622.0	33.762057877813504	['B']
388	1F47	X-ray diffraction	1.95	P0A9A6	17	383.0	4.43864229765013	['A']
389	1F47	X-ray diffraction	1.95	P77173	144	328.0	43.90243902439025	['B']
390	1FCC	X-ray diffraction	3.2	P01857	206	399.0	51.62907268170426	['A', 'B']
391	1FCC	X-ray diffraction	3.2	P19909	56	593.0	9.443507588532883	['C', 'D']
392	1GC1	X-ray diffraction	2.5	P01730	185	458.0	40.39301310043668	['C']
393	1GC1	X-ray diffraction	2.5	P04578	163	856.0	19.04205607476636	['G', 'G', 'G']
394	1DAN	X-ray diffraction	2.0	P08709	254	466.0	54.506437768240346	['H', 'L']
395	1DAN	X-ray diffraction	2.0	P13726	121	295.0	41.01694915254237	['T', 'U']
396	3HFM	X-ray diffraction	3.0	P01837	107	107.0	100.0	['L']
397	3HFM	X-ray diffraction	3.0	P00698	129	147.0	87.75510204081633	['Y']
398	1HE8	X-ray diffraction	3.0	P48736	959	1102.0	87.02359346642469	['A']
399	1HE8	X-ray diffraction	3.0	P01112	166	189.0	87.83068783068782	['B']
400	1MAH	X-ray diffraction	3.2	P21836	543	614.0	88.43648208469055	['A']
401	1MAH	X-ray diffraction	3.2	P0C1Z0	61	61.0	100.0	['F']
402	1H9D	X-ray diffraction	2.6	Q01196	134	453.0	29.58057395143488	['A', 'C']
403	1H9D	X-ray diffraction	2.6	Q13951	134	182.0	73.62637362637363	['B', 'D']
404	1GRN	X-ray diffraction	2.1	P60953	191	191.0	100.0	['A']
405	1GRN	X-ray diffraction	2.1	Q07960	203	439.0	46.24145785876993	['B']
406	1GL1	X-ray diffraction	2.1	P00766	245	245.0	100.0	['A', 'B', 'C']
407	1GL1	X-ray diffraction	2.1	P80060	36	92.0	39.130434782608695	['I', 'J', 'K']
408	1GL0	X-ray diffraction	3.0	P00766	245	245.0	100.0	['E']
409	1GL0	X-ray diffraction	3.0	P80060	35	92.0	38.04347826086957	['I']
410	1FFW	X-ray diffraction	2.7	P0AE67	128	129.0	99.2248062015504	['A', 'C']
411	1FFW	X-ray diffraction	2.7	P07363	134	654.0	20.489296636085623	['B', 'D']
412	1P6A	X-ray diffraction	2.9	P36711	185	587.0	31.51618398637138	['A']
413	1P6A	X-ray diffraction	2.9	P78310	123	365.0	33.6986301369863	['B']
414	1KAC	X-ray diffraction	2.6	P36711	185	587.0	31.51618398637138	['A']
415	1KAC	X-ray diffraction	2.6	P78310	124	365.0	33.97260273972603	['B']
416	2J1K	X-ray diffraction	2.3	P78310	128	365.0	35.06849315068493	['A', 'B', 'G', 'J', 'K', 'O', 'P', 'T', 'V', 'X', 'Y', 'Z']
417	2J1K	X-ray diffraction	2.3	Q65914	186	542.0	34.31734317343174	['C', 'D', 'E', 'F', 'H', 'I', 'L', 'M', 'N', 'Q', 'R', 'S']
418	2NU4	X-ray diffraction	1.75	P00777	185	299.0	61.87290969899666	['E']
419	2NU4	X-ray diffraction	1.75	P68390	51	185.0	27.56756756756757	['I']
420	1P69	X-ray diffraction	3.1	P36711	185	587.0	31.51618398637138	['A']
421	1P69	X-ray diffraction	3.1	P78310	123	365.0	33.6986301369863	['B']
422	1CT4	X-ray diffraction	1.6	P00777	185	299.0	61.87290969899666	['E']
423	1CT4	X-ray diffraction	1.6	P68390	51	185.0	27.56756756756757	['I']
424	1CT0	X-ray diffraction	1.8	P00777	185	299.0	61.87290969899666	['E']
425	1CT0	X-ray diffraction	1.8	P68390	51	185.0	27.56756756756757	['I']
426	1CSO	X-ray diffraction	1.9	P00777	185	299.0	61.87290969899666	['E']
427	1CSO	X-ray diffraction	1.9	P68390	51	185.0	27.56756756756757	['I']
428	2SGP	X-ray diffraction	1.8	P00777	185	299.0	61.87290969899666	['E']
429	2SGP	X-ray diffraction	1.8	P68390	51	185.0	27.56756756756757	['I']
430	3BTT	X-ray diffraction	1.9	P00760	223	246.0	90.65040650406505	['E']
431	3BTT	X-ray diffraction	1.9	P00974	58	100.0	57.99999999999999	['I']
432	1SGQ	X-ray diffraction	1.9	P00777	185	299.0	61.87290969899666	['E']
433	1SGQ	X-ray diffraction	1.9	P68390	51	185.0	27.56756756756757	['I']
434	1SGE	X-ray diffraction	1.8	P00777	185	299.0	61.87290969899666	['E']
435	1SGE	X-ray diffraction	1.8	P68390	51	185.0	27.56756756756757	['I']
436	1SGN	X-ray diffraction	1.8	P00777	185	299.0	61.87290969899666	['E']
437	1SGN	X-ray diffraction	1.8	P68390	51	185.0	27.56756756756757	['I']
438	3QFJ	X-ray diffraction	2.29	P04439	275	365.0	75.34246575342466	['A']
439	3QFJ	X-ray diffraction	2.29	P61769	99	119.0	83.19327731092437	['B']
440	1FSS	X-ray diffraction	3.0	P04058	537	586.0	91.6382252559727	['A']
441	1FSS	X-ray diffraction	3.0	P0C1Z0	61	61.0	100.0	['B']
442	5F4E	X-ray diffraction	2.4	Q8IYV9	233	350.0	66.57142857142857	['A']
443	5F4E	X-ray diffraction	2.4	A6ND01	209	250.0	83.6	['B']
444	4G2V	X-ray diffraction	2.4	Q8VDU0	336	679.0	49.48453608247423	['A']
445	4G2V	X-ray diffraction	2.4	Q5SYB0	38	1578.0	2.4081115335868186	['B']
446	3SF4	X-ray diffraction	2.6	P81274	402	684.0	58.77192982456141	['A', 'B', 'C']
447	3SF4	X-ray diffraction	2.6	Q1MX18	47	579.0	8.117443868739207	['D', 'E', 'F']
448	4WND	X-ray diffraction	1.5	P81274	402	684.0	58.77192982456141	['A']
449	4WND	X-ray diffraction	1.5	Q14CM0	48	1322.0	3.630862329803328	['B']
450	2SGQ	X-ray diffraction	1.8	P00777	185	299.0	61.87290969899666	['E']
451	2SGQ	X-ray diffraction	1.8	P68390	51	185.0	27.56756756756757	['I']
452	1CT2	X-ray diffraction	1.65	P00777	185	299.0	61.87290969899666	['E']
453	1CT2	X-ray diffraction	1.65	P68390	51	185.0	27.56756756756757	['I']
454	1SGD	X-ray diffraction	1.8	P00777	185	299.0	61.87290969899666	['E']
455	1SGD	X-ray diffraction	1.8	P68390	51	185.0	27.56756756756757	['I']
456	1SGP	X-ray diffraction	1.4	P00777	185	299.0	61.87290969899666	['E']
457	1SGP	X-ray diffraction	1.4	P68390	51	185.0	27.56756756756757	['I']
458	2NU1	X-ray diffraction	1.8	P00777	185	299.0	61.87290969899666	['E']
459	2NU1	X-ray diffraction	1.8	P68436	51	56.0	91.07142857142856	['I']
460	1SGY	X-ray diffraction	1.8	P00777	185	299.0	61.87290969899666	['E']
461	1SGY	X-ray diffraction	1.8	P68390	51	185.0	27.56756756756757	['I']
462	2NU0	X-ray diffraction	1.95	P00777	185	299.0	61.87290969899666	['E']
463	2NU0	X-ray diffraction	1.95	P68436	51	56.0	91.07142857142856	['I']
464	4P5T	X-ray diffraction	3.263	P14434	182	256.0	71.09375	['C', 'G']
465	4P5T	X-ray diffraction	3.263	P14483	195	265.0	73.58490566037736	['D', 'H']
466	4P23	X-ray diffraction	2.25	P14434	179	256.0	69.921875	['C']
467	4P23	X-ray diffraction	2.25	P14483	189	265.0	71.32075471698113	['D', 'D']
468	3C60	X-ray diffraction	3.05	P14434	182	256.0	71.09375	['C', 'G']
469	3C60	X-ray diffraction	3.05	P14483	189	265.0	71.32075471698113	['D', 'H']
470	2C5D	X-ray diffraction	3.3	Q14393	418	678.0	61.6519174041298	['A', 'B']
471	2C5D	X-ray diffraction	3.3	P30530	195	894.0	21.812080536912752	['C', 'D']
472	4X4M	X-ray diffraction	3.485	P01857	217	399.0	54.38596491228071	['A', 'B', 'C', 'D']
473	4X4M	X-ray diffraction	3.485	P12314	269	374.0	71.92513368983957	['E', 'F']
474	4RA0	X-ray diffraction	3.07	Q14393	401	678.0	59.14454277286135	['A', 'B']
475	4RA0	X-ray diffraction	3.07	P30530	195	894.0	21.812080536912752	['C', 'D']
476	4Y61	X-ray diffraction	3.358	Q64487	391	1912.0	20.44979079497908	['A']
477	4Y61	X-ray diffraction	3.358	Q810C0	266	846.0	31.44208037825059	['B']
478	1QSE	X-ray diffraction	2.8	P04439	274	365.0	75.06849315068493	['A']
479	1QSE	X-ray diffraction	2.8	P61769	100	119.0	84.03361344537815	['B']
480	3BX1	X-ray diffraction	1.85	P29600	269	269.0	100.0	['A', 'B']
481	3BX1	X-ray diffraction	1.85	P07596	181	203.0	89.16256157635468	['C', 'D']
482	2OI9	X-ray diffraction	2.35	P01897	179	362.0	49.447513812154696	['A']
483	2OI9	X-ray diffraction	2.35	P01738	110	130.0	84.61538461538461	['B']
484	2OI9	X-ray diffraction	2.35	A2NTY6	110			['C']
485	1B41	X-ray diffraction	2.76	P22303	539	614.0	87.78501628664495	['A']
486	1B41	X-ray diffraction	2.76	P0C1Z0	61	61.0	100.0	['B']
487	3UIG	X-ray diffraction	2.4	O15392	142	142.0	100.0	['A', 'B']
488	3UIG	X-ray diffraction	2.4	P68431	15	136.0	11.029411764705882	['P', 'Q']
489	4MYW	X-ray diffraction	3.189	P03172	285	393.0	72.51908396946564	['A', 'C']
490	4MYW	X-ray diffraction	3.189	Q15223	306	517.0	59.18762088974855	['B', 'D']
491	3U82	X-ray diffraction	3.164	Q69091	285	394.0	72.33502538071066	['A']
492	3U82	X-ray diffraction	3.164	Q15223	306	517.0	59.18762088974855	['B']
493	4NZW	X-ray diffraction	3.583	Q9Y376	327	341.0	95.89442815249268	['A']
494	4NZW	X-ray diffraction	3.583	O00506	293	426.0	68.7793427230047	['B']
495	4NM8	X-ray diffraction	4.0041	Q91MA7	319	566.0	56.36042402826856	['A', 'B', 'C', 'D', 'E', 'F']
496	4NM8	X-ray diffraction	4.0041	S6C4S0	224			['H', 'I', 'J']
497	4NM8	X-ray diffraction	4.0041	P01834	107	107.0	100.0	['L', 'M', 'N']
498	1XGP	X-ray diffraction	2.1	P01837	107	107.0	100.0	['A']
499	1XGP	X-ray diffraction	2.1	P00698	129	147.0	87.75510204081633	['C']
500	1XGQ	X-ray diffraction	2.1	P01837	107	107.0	100.0	['A']
501	1XGQ	X-ray diffraction	2.1	P00698	129	147.0	87.75510204081633	['C']
502	1XGU	X-ray diffraction	2.1	P01837	107	107.0	100.0	['A']
503	1XGU	X-ray diffraction	2.1	P00698	129	147.0	87.75510204081633	['C']
504	3Q8D	X-ray diffraction	2.3	P0A7H3	242	242.0	100.0	['A', 'B']
505	3Q8D	X-ray diffraction	2.3	P0AGE0	9			['E', 'F']
506	2AW2	X-ray diffraction	2.8	Q7Z6A9	112	289.0	38.75432525951557	['A', 'X']
507	2AW2	X-ray diffraction	2.8	Q92956	104	283.0	36.74911660777385	['B', 'Y']
508	3KBH	X-ray diffraction	3.31	Q9BYF1	597	805.0	74.16149068322981	['A', 'B', 'C', 'D']
509	3KBH	X-ray diffraction	3.31	Q6Q1S2	136	1356.0	10.029498525073748	['E', 'F', 'G', 'H']
510	3R9A	X-ray diffraction	2.35	P21549	392	392.0	100.0	['A', 'C']
511	3R9A	X-ray diffraction	2.35	P50542	325	639.0	50.86071987480438	['B', 'D']
512	4FZA	X-ray diffraction	3.15	Q9Y376	324	341.0	95.01466275659824	['A']
513	4FZA	X-ray diffraction	3.15	Q9P289	280	416.0	67.3076923076923	['B']
514	3B4V	X-ray diffraction	2.48	P08476	116	426.0	27.230046948356808	['A', 'B', 'E', 'F']
515	3B4V	X-ray diffraction	2.48	O95633	237	263.0	90.11406844106465	['C', 'D', 'G', 'H']
516	2B0U	X-ray diffraction	2.8	P08476	116	426.0	27.230046948356808	['A', 'B']
517	2B0U	X-ray diffraction	2.8	P19883	288	344.0	83.72093023255815	['C', 'D']
518	3HH2	X-ray diffraction	2.15	O08689	109	376.0	28.98936170212766	['A', 'B']
519	3HH2	X-ray diffraction	2.15	P19883	288	344.0	83.72093023255815	['C', 'D']
520	3UII	X-ray diffraction	2.6	O15392	142	142.0	100.0	['A', 'B']
521	3UII	X-ray diffraction	2.6	P68431	10	136.0	7.352941176470589	['P', 'Q']
522	3LB6	X-ray diffraction	3.05	P35225	132	146.0	90.41095890410958	['A', 'B']
523	3LB6	X-ray diffraction	3.05	Q14627	380	380.0	100.0	['C', 'D']
524	3RF3	X-ray diffraction	1.61	P18206	258	1134.0	22.75132275132275	['A', 'B']
525	3RF3	X-ray diffraction	1.61	P18010	25	633.0	3.949447077409163	['C', 'D']
526	4O27	X-ray diffraction	3.185	Q9Y376	323	341.0	94.72140762463344	['A']
527	4O27	X-ray diffraction	3.185	Q9Y6E0	280	443.0	63.20541760722348	['B', 'C']
528	4OFY	X-ray diffraction	3.3	B1Q236	253	730.0	34.657534246575345	['A', 'B', 'C']
529	4OFY	X-ray diffraction	3.3	Q9U3P2	411	1270.0	32.36220472440945	['D', 'E', 'F']
530	2DVW	X-ray diffraction	2.3	Q9Z2X2	231	231.0	100.0	['A']
531	2DVW	X-ray diffraction	2.3	P43686	82	418.0	19.61722488038277	['B']
532	3F1S	X-ray diffraction	2.3	Q9UK55	385	444.0	86.71171171171171	['A']
533	3F1S	X-ray diffraction	2.3	P22891	276	400.0	69.0	['B']
534	3M63	X-ray diffraction	2.4	P54860	961	961.0	100.0	['A']
535	3M63	X-ray diffraction	2.4	P48510	75	373.0	20.10723860589812	['B']
536	3M62	X-ray diffraction	2.4	P54860	961	961.0	100.0	['A']
537	3M62	X-ray diffraction	2.4	P32628	84	398.0	21.105527638190956	['B']
538	3SEK	X-ray diffraction	2.401	O08689	109	376.0	28.98936170212766	['B']
539	3SEK	X-ray diffraction	2.401	O95633	209	263.0	79.46768060836501	['C']
540	1C4Z	X-ray diffraction	2.6	Q05086	358	875.0	40.91428571428571	['A', 'B', 'C']
541	1C4Z	X-ray diffraction	2.6	P68036	154	154.0	100.0	['D']
542	3MZW	X-ray diffraction	2.9	P04626	624	1255.0	49.72111553784861	['A']
543	3MZW	X-ray diffraction	2.9	P38507	58	508.0	11.41732283464567	['B']
544	3S9D	X-ray diffraction	1.9999	P01563	165	188.0	87.7659574468085	['A', 'C']
545	3S9D	X-ray diffraction	1.9999	P48551	196	515.0	38.05825242718446	['B', 'D']
546	2B2X	X-ray diffraction	2.2	P18614	214	1180.0	18.135593220338983	['A', 'B']
547	2B2X	X-ray diffraction	2.2	P01868	102	324.0	31.48148148148148	['H', 'I']
548	4LRX	X-ray diffraction	3.25	P76015	356	356.0	100.0	['A', 'B']
549	4LRX	X-ray diffraction	3.25	P76016	318	639.0	49.76525821596244	['C', 'D']
550	4JEU	X-ray diffraction	3.2	P61765	590	594.0	99.32659932659934	['A']
551	4JEU	X-ray diffraction	3.2	P32851	242	288.0	84.02777777777779	['B']
552	4J2L	X-ray diffraction	3.15	P54253	127	815.0	15.58282208588957	['A', 'B']
553	4J2L	X-ray diffraction	3.15	Q96RK0	26	2517.0	1.0329757647993645	['C', 'D']
554	4HSA	X-ray diffraction	3.15	Q16552	122	155.0	78.70967741935485	['A', 'B', 'D', 'E']
555	4HSA	X-ray diffraction	3.15	Q96F46	286	866.0	33.02540415704388	['C', 'F']
556	4GNK	X-ray diffraction	4.0	P21279	353	359.0	98.32869080779945	['A', 'C']
557	4GNK	X-ray diffraction	4.0	Q01970	1225	1234.0	99.2706645056726	['B', 'D', 'E']
558	4EKD	X-ray diffraction	2.71	P21279	342	359.0	95.26462395543176	['A']
559	4EKD	X-ray diffraction	2.71	P41220	132	211.0	62.55924170616114	['B']
560	1E50	X-ray diffraction	2.6	Q01196	134	453.0	29.58057395143488	['A', 'C', 'E', 'G', 'Q', 'R']
561	1E50	X-ray diffraction	2.6	Q13951	134	182.0	73.62637362637363	['B', 'D', 'F', 'H']
562	4BFI	X-ray diffraction	3.22	Q9ES57	203	326.0	62.26993865030674	['A']
563	4BFI	X-ray diffraction	3.22	O54901	202	278.0	72.66187050359713	['B']
564	1WQJ	X-ray diffraction	1.6	P22692	80	258.0	31.00775193798449	['B']
565	1WQJ	X-ray diffraction	1.6	P05019	70	195.0	35.8974358974359	['I']
566	4E6K	X-ray diffraction	2.0	Q9HY79	158	158.0	100.0	['A', 'B', 'C', 'D', 'E', 'F']
567	4E6K	X-ray diffraction	2.0	Q9HY80	73	73.0	100.0	['G', 'H', 'I']
568	1KNE	X-ray diffraction	2.4	P05205	60	206.0	29.126213592233007	['A']
569	1KNE	X-ray diffraction	2.4	P02299	16	136.0	11.76470588235294	['P']
570	2KSO	Solution NMR		P29317	65	976.0	6.659836065573771	['A']
571	2KSO	Solution NMR		O15357	59	1258.0	4.689984101748808	['B']
572	1KBH	Solution NMR		Q9Y6Q9	47	1424.0	3.300561797752809	['A']
573	1KBH	Solution NMR		P45481	59	2441.0	2.417042195821385	['B']
574	4L0P	X-ray diffraction	2.26	P29320	173	983.0	17.59918616480163	['A']
575	4L0P	X-ray diffraction	2.26	P52803	140	228.0	61.40350877192983	['B']
576	5TAR	X-ray diffraction	1.9	P01116	184	189.0	97.35449735449735	['A']
577	5TAR	X-ray diffraction	1.9	O43924	148	150.0	98.66666666666669	['B']
578	3EG5	X-ray diffraction	2.7	P60766	178	191.0	93.19371727748693	['A', 'C']
579	3EG5	X-ray diffraction	2.7	O08808	383	1255.0	30.51792828685259	['B', 'D']
580	1YCS	X-ray diffraction	2.2	P04637	199	393.0	50.63613231552163	['A']
581	1YCS	X-ray diffraction	2.2	Q13625	203	1128.0	17.99645390070922	['B', 'B']
582	1C1Y	X-ray diffraction	1.9	P62834	167	184.0	90.7608695652174	['A']
583	1C1Y	X-ray diffraction	1.9	P04049	77	648.0	11.882716049382717	['B']
584	3KUD	X-ray diffraction	2.15	P01112	166	189.0	87.83068783068782	['A']
585	3KUD	X-ray diffraction	2.15	P04049	81	648.0	12.5	['B']
586	1K8R	X-ray diffraction	3.0	P01112	166	189.0	87.83068783068782	['A']
587	1K8R	X-ray diffraction	3.0	P28829	110	659.0	16.69195751138088	['B']
588	1BRS	X-ray diffraction	2.0	P00648	110	157.0	70.06369426751591	['A', 'B', 'C']
589	1BRS	X-ray diffraction	2.0	P11540	89	90.0	98.88888888888889	['D', 'E', 'F']
590	1IAR	X-ray diffraction	2.3	P05112	129	153.0	84.31372549019608	['A']
591	1IAR	X-ray diffraction	2.3	P24394	207	825.0	25.09090909090909	['B']
592	2SIC	X-ray diffraction	1.8	P00782	275	382.0	71.98952879581152	['E']
593	2SIC	X-ray diffraction	1.8	P01006	107	144.0	74.30555555555556	['I']
594	1Y1K	X-ray diffraction	1.56	P00782	275	382.0	71.98952879581152	['E']
595	1Y1K	X-ray diffraction	1.56	Q40059	64			['I']
596	1Y33	X-ray diffraction	1.8	P00782	275	382.0	71.98952879581152	['E']
597	1Y33	X-ray diffraction	1.8	Q40059	64			['I']
598	1Y34	X-ray diffraction	1.55	P00782	275	382.0	71.98952879581152	['E']
599	1Y34	X-ray diffraction	1.55	Q40059	64			['I']
600	1Y3B	X-ray diffraction	1.8	P00782	275	382.0	71.98952879581152	['E']
601	1Y3B	X-ray diffraction	1.8	Q40059	64			['I']
602	1Y3C	X-ray diffraction	1.69	P00782	275	382.0	71.98952879581152	['E']
603	1Y3C	X-ray diffraction	1.69	Q40059	64			['I']
604	1Y48	X-ray diffraction	1.84	P00782	275	382.0	71.98952879581152	['E']
605	1Y48	X-ray diffraction	1.84	Q40059	64			['I']
606	1Y3D	X-ray diffraction	1.8	P00782	275	382.0	71.98952879581152	['E']
607	1Y3D	X-ray diffraction	1.8	Q40059	64			['I']
608	1TM4	X-ray diffraction	1.7	P00782	275	382.0	71.98952879581152	['E']
609	1TM4	X-ray diffraction	1.7	Q40059	64			['I']
610	1TM5	X-ray diffraction	1.45	P00782	275	382.0	71.98952879581152	['E']
611	1TM5	X-ray diffraction	1.45	Q40059	64			['I']
612	1TM3	X-ray diffraction	1.57	P00782	275	382.0	71.98952879581152	['E']
613	1TM3	X-ray diffraction	1.57	Q40059	64			['I']
614	1TM7	X-ray diffraction	1.59	P00782	275	382.0	71.98952879581152	['E']
615	1TM7	X-ray diffraction	1.59	Q40059	64			['I']
616	1TMG	X-ray diffraction	1.67	P00782	275	382.0	71.98952879581152	['E']
617	1TMG	X-ray diffraction	1.67	Q40059	64			['I']
618	1TO1	X-ray diffraction	1.68	P00782	275	382.0	71.98952879581152	['E']
619	1TO1	X-ray diffraction	1.68	Q40059	64			['I']
620	3EQS	X-ray diffraction	1.65	Q00987	85	491.0	17.311608961303463	['A']
621	3LNZ	X-ray diffraction	1.95	Q00987	85	491.0	17.311608961303463	['A', 'C', 'E', 'G', 'I', 'K', 'M', 'O']
622	3EQY	X-ray diffraction	1.63	O15151	85	490.0	17.346938775510203	['A', 'B']
623	5K39	X-ray diffraction	1.98	Q06853	160	688.0	23.25581395348837	['A']
624	5K39	X-ray diffraction	1.98	A3DGE8	164			['B']
625	5XCO	X-ray diffraction	1.25	P01116	169	189.0	89.41798941798942	['A']
626	5UFE	X-ray diffraction	2.302	P01116	166	189.0	87.83068783068782	['A']
627	5UFQ	X-ray diffraction	2.199	P01116	166	189.0	87.83068783068782	['A', 'B']
628	3W2D	X-ray diffraction	3.1	P01552	239	266.0	89.84962406015038	['A']
629	4KRL	X-ray diffraction	2.849	P00533	204	1210.0	16.859504132231404	['A']
630	4KRO	X-ray diffraction	3.054	P00533	618	1210.0	51.074380165289256	['A']
631	4KRP	X-ray diffraction	2.823	P00533	613	1210.0	50.66115702479339	['A', 'A']
632	2NYY	X-ray diffraction	2.61	P0DPI1	1295	1296.0	99.92283950617283	['A']
633	2NZ9	X-ray diffraction	3.79	P0DPI1	1295	1296.0	99.92283950617283	['A', 'B']
634	2BDN	X-ray diffraction	2.53	P13500	76	99.0	76.76767676767676	['A']
635	1JTD	X-ray diffraction	2.3	P62593	263	286.0	91.95804195804196	['A']
636	1JTD	X-ray diffraction	2.3	O87916	273			['B']
637	3WWN	X-ray diffraction	1.85	O50147	269	269.0	100.0	['A']
638	3WWN	X-ray diffraction	1.85	Q9ZND7	54			['B']
639	4I77	X-ray diffraction	1.9	P35225	112	146.0	76.71232876712328	['Z']
640	3L5X	X-ray diffraction	1.9	P35225	112	146.0	76.71232876712328	['A']
641	4JPK	X-ray diffraction	2.4	P04578	116	856.0	13.551401869158877	['A']
642	1BJ1	X-ray diffraction	2.4	P15692	102	395.0	25.82278481012658	['V', 'W']
643	1CZ8	X-ray diffraction	2.4	P15692	94	395.0	23.79746835443038	['V', 'W']
644	1MHP	X-ray diffraction	2.8	P18614	192	1180.0	16.271186440677965	['A', 'B']
645	3G6D	X-ray diffraction	3.2	P35225	112	146.0	76.71232876712328	['A']
646	1XGR	X-ray diffraction	2.1	P00698	129	147.0	87.75510204081633	['C']
647	1XGT	X-ray diffraction	2.1	P00698	129	147.0	87.75510204081633	['C']
648	3N85	X-ray diffraction	3.2	P04626	624	1255.0	49.72111553784861	['A']
649	4U6H	X-ray diffraction	3.1	P07612	184	250.0	73.6	['E', 'J']
650	1YY9	X-ray diffraction	2.605	P00533	618	1210.0	51.074380165289256	['A']
651	4GXU	X-ray diffraction	3.294	Q9WFX3	327	566.0	57.773851590106005	['A', 'B', 'C', 'D', 'E', 'F', 'G', 'H', 'I', 'J', 'K', 'L']
652	3LZF	X-ray diffraction	2.8	Q9WFX3	327	566.0	57.773851590106005	['A', 'B']
653	4HRN	X-ray diffraction	2.65	P04626	97	1255.0	7.729083665338646	['C', 'D']
654	1N8Z	X-ray diffraction	2.52	P04626	607	1255.0	48.36653386454184	['C']
655	2E7L	X-ray diffraction	2.5	A2NTU7	112			['A', 'B']
656	2E7L	X-ray diffraction	2.5	A2NTY6	110			['C', 'D']
657	2E7L	X-ray diffraction	2.5	P01897	181	362.0	50.0	['E', 'F']
658	2J12	X-ray diffraction	1.5	Q80S15	194			['A']
659	2J12	X-ray diffraction	1.5	P78310	128	365.0	35.06849315068493	['B']
660	1NMB	X-ray diffraction	2.2	P05803	470	470.0	100.0	['N']
661	3NPS	X-ray diffraction	1.5	Q9Y5Y6	241	855.0	28.18713450292398	['A']
662	3BK3	X-ray diffraction	2.7	P12643	114	396.0	28.78787878787879	['A', 'B']
663	3BK3	X-ray diffraction	2.7	Q5D734	66			['C', 'D']
664	2JEL	X-ray diffraction	2.5	P0AA04	85	85.0	100.0	['P']
665	2O3B	X-ray diffraction	2.3	P38446	240	274.0	87.59124087591242	['A']
666	2O3B	X-ray diffraction	2.3	A0ACD6B9A1	134			['B']
667	2VIS	X-ray diffraction	3.25	Q99LC4	111			['B', 'B', 'B']
668	2VIS	X-ray diffraction	3.25	P03437	282	566.0	49.82332155477032	['C']
669	2VIR	X-ray diffraction	3.25	Q99LC4	111			['B', 'B', 'B']
670	2VIR	X-ray diffraction	3.25	P03437	282	566.0	49.82332155477032	['C']
671	1JCK	X-ray diffraction	3.5	P0A0L5	239	266.0	89.84962406015038	['B', 'D']
672	1M9E	X-ray diffraction	1.72	P62937	164	165.0	99.3939393939394	['A', 'B']
673	1M9E	X-ray diffraction	1.72	Q72497	146			['C', 'D']
674	2B42	X-ray diffraction	2.5	Q8H0K8	381			['A']
675	2B42	X-ray diffraction	2.5	P18429	185	213.0	86.85446009389672	['B']
676	2I26	X-ray diffraction	2.5	P00698	129	147.0	87.75510204081633	['L', 'M', 'Q']
677	2I26	X-ray diffraction	2.5	Q8JGG7	84			['N', 'O', 'P']
678	5C6T	X-ray diffraction	3.6	P13201	612	907.0	67.47519294377067	['A']
679	1YQV	X-ray diffraction	1.7	P00698	129	147.0	87.75510204081633	['Y']
680	1TM1	X-ray diffraction	1.7	P00782	275	382.0	71.98952879581152	['E']
681	1TM1	X-ray diffraction	1.7	Q40059	64			['I']
682	4CVW	X-ray diffraction	2.67	O48541	482	904.0	53.31858407079646	['A', 'A', 'B', 'B']
683	4CVW	X-ray diffraction	2.67	Q2V8X0	114	147.0	77.55102040816327	['C', 'D']
684	4HFK	X-ray diffraction	2.1	A0A0H3CIJ2	163	163.0	100.0	['A', 'C']
685	4HFK	X-ray diffraction	2.1	A0A0H3CIX8	99	117.0	84.61538461538461	['B', 'D']
686	3QHY	X-ray diffraction	2.06	Q93T42	271	309.0	87.70226537216828	['A']
687	3QHY	X-ray diffraction	2.06	O87916	271	311.0	87.13826366559485	['B']
688	3NGB	X-ray diffraction	2.68	Q0ED31	162	857.0	18.903150525087515	['A', 'A', 'A', 'D', 'D', 'D', 'G', 'G', 'G', 'I', 'I', 'I']
689	3SE9	X-ray diffraction	2.0	Q0ED31	353	857.0	41.1901983663944	['G']
690	4ZS6	X-ray diffraction	3.166	W6A0A7	223	1353.0	16.48189209164819	['A', 'B']
691	3SE8	X-ray diffraction	1.895	Q0ED31	353	857.0	41.1901983663944	['G']
692	5M2O	X-ray diffraction	1.26	A0AEF4	146	2071.0	7.049734427812651	['A']
